StudentID,FirstName,LastName
1001,Liam,Smith
1002,Emma,Johnson
1003,Noah,Williams
1004,Olivia,Brown
1005,James,Jones
1006,Sophia,Garcia
1007,Oliver,Miller
1008,Ava,Davis
1009,Elijah,Rodriguez
1010,Isabella,Martinez
1011,Mateo,Hernandez
1012,Mia,Lopez
1013,Lucas,Gonzalez
1014,Amelia,Wilson
1015,Alexander,Anderson
1016,Harper,Thomas
1017,Ethan,Taylor
1018,Evelyn,Moore
1019,Daniel,Jackson
1020,Charlotte,Martin
1021, Jose Morena Rodriguez Manera, Gonzalez
1022,Quanpeng, Yang, Chain Pung
1023,Nguyen,Hùng, WIN Hung
1024, Guillermo, Gonzalez
1025,Xóchitl,González,it sil González
1026,Ignacio, Velázquez
1027, Paloma, Mazzei, Paloma mas say e
1028, Jesus, Cruz Jimenez, Hey zoos Cruz Jimenez
1029, Johna, Parker, John uh Parker
1030,Beth Gilliam, Talbert, Beth Gillam Talbert
1031,Cyrenia,Twigg, serena twigg
